Zip Code,Count Starbucks
01035,1
01040,1
01056,2
01201,1
01331,1
01460,1
01506,1
01532,1
01545,1
01570,1
01590,2
01605,1
01701,1
01748,2
01752,1
01757,1
01760,1
01803,2
01854,1
01887,1
01889,1
01905,1
01923,1
01970,1
02038,2
02052,1
02081,1
02090,2
02108,1
02109,1
02110,1
02115,1
02116,2
02125,1
02127,2
02128,7
02134,1
02138,3
02145,1
02184,2
02210,3
02215,4
02301,1
02364,1
02451,1
02462,1
02464,1
02467,3
02478,1
02494,1
02645,1
02649,2
02653,1
02747,1
02760,2
02771,1
02777,1
02903,1
02904,1
03053,1
03054,1
03060,1
03079,1
03755,1
03904,1
04005,1
04011,1
04074,1
04101,1
04106,2
04330,1
04401,1
05201,1
05255,1
05402,1
05403,1
05641,1
06053,3
06066,1
06082,1
06106,1
06110,1
06117,1
06268,1
06333,2
06338,2
06340,1
06353,1
06360,1
06385,1
06415,1
06460,1
06478,1
06492,1
06608,1
06708,1
06790,1
06807,1
06810,1
06824,1
06854,1
06880,1
07004,1
07005,1
07014,1
07016,2
07020,1
07024,2
07033,1
07041,1
07047,1
07059,1
07069,1
07070,1
07078,1
07083,1
07094,1
07095,2
07102,1
07114,2
07302,1
07410,1
07450,1
07457,1
07462,1
07470,3
07601,1
07604,1
07624,1
07643,1
07645,1
07652,6
07656,1
07657,1
07675,1
07702,1
07712,2
07719,2
07724,1
07726,1
07728,1
07731,1
07738,1
07751,1
07753,1
07755,1
07834,1
07840,1
07927,1
07928,1
07930,1
07936,1
07960,2
07974,1
08002,3
08005,1
08012,3
08016,1
08034,2
08037,1
08043,1
08050,1
08053,1
08054,2
08057,1
08069,2
08081,2
08096,1
08205,1
08226,1
08240,1
08401,1
08512,3
08540,1
08620,1
08648,2
08701,1
08731,1
08755,1
08807,1
08812,1
08822,1
08830,1
08837,1
08844,1
08850,1
08852,1
08854,2
08865,2
08876,1
08879,1
08889,1
08901,2
08902,1
10001,15
10002,1
10003,10
10004,6
10005,6
10006,3
10007,5
10009,1
10010,9
10011,8
10012,4
10013,7
10014,5
10016,9
10017,18
10018,7
10019,20
10021,4
10022,14
10023,9
10024,4
10025,7
10026,2
10027,3
10028,6
10029,1
10032,1
10033,1
10035,1
10036,13
10038,4
10039,1
10040,1
10044,1
10065,5
10075,2
10103,1
10105,1
10107,1
10112,2
10118,1
10119,2
10128,5
10166,1
10169,1
10173,1
10205,1
10279,1
10281,1
10282,1
10306,2
10309,2
10310,1
10312,1
10314,3
10402,1
10451,2
10458,1
10461,2
10462,1
10463,3
10465,2
10468,1
10471,1
10502,1
10510,1
10512,1
10514,1
10522,1
10530,2
10538,1
10543,1
10547,1
10549,2
10550,1
10562,1
10570,1
10573,1
10577,1
10580,1
10583,3
10589,1
10598,1
10601,2
10602,1
10603,1
10704,2
10706,1
10707,1
10708,2
10710,2
10801,2
10804,1
10853,1
10901,1
10917,1
10940,1
10941,1
10950,1
10954,2
10956,1
10960,1
10974,1
10994,2
10996,1
11003,1
11010,1
11021,2
11030,2
11040,2
11050,2
11052,1
11061,1
11102,1
11103,1
11104,1
11105,1
11106,2
11201,11
11204,1
11205,1
11209,3
11210,2
11211,2
11214,2
11215,2
11217,4
11222,1
11224,1
11229,1
11234,3
11235,1
11238,1
11239,1
11354,2
11355,1
11356,2
11361,1
11362,1
11365,1
11372,1
11373,3
11374,2
11375,4
11377,1
11385,2
11414,1
11415,2
11426,1
11430,7
11432,1
11435,1
11510,1
11516,1
11520,1
11530,4
11542,2
11548,2
11552,1
11553,1
11557,1
11558,1
11561,2
11563,1
11566,2
11570,1
11572,2
11577,1
11581,2
11590,3
11701,2
11703,1
11704,2
11705,1
11706,2
11714,1
11716,2
11720,2
11722,1
11725,4
11726,1
11729,2
11731,2
11733,2
11735,3
11743,1
11746,2
11747,2
11749,1
11751,1
11753,1
11755,1
11756,3
11758,2
11763,3
11764,1
11767,1
11768,1
11772,1
11777,1
11779,1
11782,2
11784,1
11787,1
11788,1
11790,1
11791,1
11793,1
11794,3
11797,1
11801,2
11803,1
11901,3
11932,1
11937,1
11946,1
11949,1
11952,1
11968,1
12010,1
12013,1
12020,1
12061,1
12065,3
12077,1
12084,1
12087,1
12110,5
12137,1
12144,1
12159,1
12180,1
12203,4
12205,3
12207,1
12208,1
12211,2
12302,2
12304,1
12309,1
12379,1
12401,2
12475,1
12524,1
12550,2
12561,2
12563,1
12568,1
12572,1
12601,2
12603,1
12804,2
12866,4
12901,2
12946,1
13032,1
13039,1
13041,1
13066,1
13090,1
13202,1
13210,1
13219,1
13224,1
13244,1
13290,1
13365,1
13490,1
13601,2
13602,1
13820,1
13850,3
13902,1
13905,1
14020,1
14043,2
14051,1
14063,1
14127,1
14202,2
14216,1
14219,1
14221,4
14222,1
14225,4
14228,3
14303,1
14304,2
14424,1
14432,1
14450,2
14454,1
14526,1
14533,1
14534,1
14537,1
14564,2
14580,2
14607,1
14615,1
14618,2
14620,1
14621,1
14622,1
14623,3
14624,2
14626,1
14627,1
14701,1
14814,1
14850,3
14901,1
15009,1
15012,1
15014,1
15017,2
15044,2
15061,2
15068,1
15084,1
15090,3
15102,2
15108,1
15120,2
15143,2
15146,2
15147,1
15203,1
15205,3
15206,2
15212,1
15213,4
15216,1
15217,2
15219,5
15220,2
15222,5
15224,2
15228,1
15231,2
15232,2
15235,1
15237,5
15238,2
15241,2
15275,2
15301,2
15317,4
15401,1
15501,3
15522,2
15533,1
15601,2
15642,2
15650,1
15668,1
15672,1
15701,1
15705,1
15812,2
15815,1
15904,1
16001,1
16051,1
16053,1
16057,1
16066,3
16137,1
16148,1
16214,1
16501,1
16505,1
16509,2
16565,2
16689,1
16801,3
16802,1
16803,1
17011,3
17013,3
17014,1
17015,1
17016,1
17022,1
17025,1
17033,3
17041,1
17050,3
17055,1
17057,2
17081,1
17109,2
17110,2
17111,2
17112,1
17201,2
17203,1
17240,1
17257,1
17302,1
17325,1
17331,2
17361,1
17402,4
17403,2
17408,1
17423,1
17507,1
17521,1
17522,2
17523,1
17524,1
17543,2
17601,3
17602,3
17603,1
17701,1
17722,1
17745,1
17756,1
17763,1
17785,1
17815,2
17837,2
17870,3
18011,1
18015,1
18016,1
18017,1
18034,2
18045,3
18052,1
18055,1
18087,2
18101,1
18103,2
18104,2
18106,1
18109,2
18229,1
18241,1
18301,1
18321,1
18344,1
18355,1
18360,1
18411,1
18447,2
18455,1
18503,1
18507,1
18510,1
18519,1
18525,1
18545,1
18622,1
18673,2
18701,1
18702,1
18863,1
18872,1
18901,3
18902,1
18914,1
18929,1
18938,1
18940,1
18951,2
18966,1
18974,1
18976,1
19001,2
19003,1
19004,1
19006,3
19008,2
19010,1
19012,1
19015,1
19025,1
19031,2
19044,1
19046,1
19047,3
19053,2
19061,1
19063,2
19064,2
19067,2
19071,1
19073,2
19082,1
19083,2
19085,1
19087,3
19090,1
19096,2
19102,5
19103,5
19104,8
19106,2
19107,6
19114,1
19116,2
19118,1
19122,1
19127,1
19128,1
19130,1
19131,4
19134,1
19140,1
19141,1
19147,2
19148,1
19151,1
19152,2
19153,1
19154,1
19301,1
19333,1
19341,6
19342,3
19348,1
19355,1
19380,2
19382,2
19383,1
19390,1
19399,1
19401,1
19402,1
19403,1
19406,7
19426,1
19428,1
19446,1
19453,1
19454,4
19456,1
19462,3
19464,3
19468,2
19477,1
19502,1
19520,1
19530,1
19560,1
19601,2
19606,1
19609,1
19610,1
19702,5
19703,1
19707,1
19709,1
19711,1
19716,1
19801,3
19803,1
19807,1
19808,2
19810,2
19901,2
19967,1
19971,2
19975,1
20001,12
20002,5
20003,4
20004,6
20005,9
20006,4
20007,7
20008,2
20009,4
20010,2
20011,1
20012,2
20015,2
20016,7
20017,1
20020,1
20024,6
20032,1
20036,5
20037,5
20052,2
20059,1
20064,1
20105,1
20109,3
20110,2
20112,1
20120,1
20121,1
20124,1
20132,2
20136,2
20147,3
20148,2
20151,1
20152,3
20155,4
20164,4
20165,2
20166,8
20169,2
20170,3
20171,4
20176,5
20186,3
20187,1
20190,5
20191,2
20194,1
20214,1
20252,1
20261,1
20431,1
20433,1
20502,1
20531,1
20590,1
20602,1
20603,4
20607,1
20613,2
20619,1
20625,1
20646,3
20657,1
20678,2
20705,1
20707,3
20715,2
20716,3
20720,3
20721,1
20724,1
20735,1
20740,2
20744,1
20745,3
20747,2
20754,2
20755,1
20762,2
20770,3
20772,1
20774,2
20782,2
20783,1
20784,1
20794,1
20814,5
20815,3
20816,2
20817,1
20832,4
20841,1
20850,4
20852,7
20853,1
20854,3
20866,1
20871,1
20872,1
20874,4
20876,2
20877,1
20878,7
20879,2
20895,2
20901,2
20902,4
20903,1
20904,2
20905,1
20906,1
20910,4
20912,1
21009,2
21012,1
21014,4
21029,1
21030,3
21037,2
21042,2
21043,3
21044,3
21045,3
21046,1
21054,3
21060,1
21061,3
21075,1
21076,5
21082,1
21084,3
21090,1
21092,2
21093,2
21096,1
21101,2
21102,3
21103,2
21111,1
21112,1
21113,1
21117,3
21128,1
21131,1
21142,1
21143,1
21146,3
21152,2
21154,1
21155,2
21157,2
21158,1
21162,2
21163,1
21164,1
21165,2
21181,1
21201,3
21202,5
21204,4
21208,1
21209,2
21210,2
21211,1
21212,2
21215,1
21218,2
21220,1
21224,4
21228,1
21230,2
21234,1
21236,4
21240,4
21250,1
21251,1
21252,1
21281,1
21286,2
21321,1
21351,1
21352,1
21357,1
21381,1
21383,2
21384,1
21393,1
21394,1
21401,9
21412,1
21421,2
21433,2
21442,1
21492,1
21501,1
21514,1
21532,1
21553,1
21555,1
21601,3
21619,1
21694,1
21698,1
21701,3
21703,2
21704,2
21740,3
21742,1
21763,1
21769,1
21771,2
21784,3
21801,1
21804,1
21842,2
21843,1
21865,1
21901,1
21993,1
22003,2
22015,4
22025,2
22030,5
22031,4
22032,1
22033,6
22041,4
22042,2
22043,1
22044,3
22046,3
22060,3
22066,1
22079,1
22101,5
22102,8
22124,1
22134,1
22150,4
22151,2
22152,2
22153,3
22155,1
22180,2
22182,2
22192,7
22193,1
22201,3
22202,11
22203,3
22204,1
22206,1
22207,3
22209,4
22211,1
22302,2
22304,1
22305,2
22306,4
22307,1
22309,1
22311,1
22312,1
22314,10
22315,3
22401,4
22406,1
22407,5
22485,1
22554,2
22556,2
22601,2
22603,2
22630,2
22701,2
22801,4
22807,2
22901,3
22903,3
22911,3
22980,2
23005,1
23014,1
23047,1
23059,3
23060,2
23061,1
23072,1
23111,2
23112,2
23113,4
23114,1
23116,1
23185,5
23188,6
23219,2
23220,3
23221,1
23223,1
23225,3
23226,5
23227,1
23228,3
23230,4
23231,1
23233,6
23235,4
23236,1
23238,1
23284,1
23298,1
23320,6
23321,1
23322,5
23391,2
23430,1
23434,1
23435,3
23451,5
23452,6
23453,1
23454,5
23455,4
23456,6
23462,2
23464,3
23502,2
23503,1
23505,2
23510,2
23511,1
23512,1
23517,2
23518,5
23529,1
23601,1
23602,4
23604,2
23606,2
23607,1
23665,1
23666,2
23669,1
23692,3
23693,1
23701,1
23704,1
23707,1
23751,1
23801,1
23831,2
23832,3
23834,1
23851,1
23860,1
23882,1
24012,2
24014,1
24015,1
24016,1
24018,1
24060,4
24073,2
24142,1
24153,2
24202,2
24204,1
24205,1
24382,1
24401,1
24454,1
24457,1
24462,2
24502,4
24503,1
24524,1
24540,2
24581,1
24591,1
24601,1
24672,1
24681,1
24722,1
24723,1
24740,2
24745,1
24764,1
24781,1
24782,1
24825,1
24827,1
25083,1
25309,2
25325,1
25389,1
25401,1
25403,2
25504,3
25701,1
25705,1
25715,1
25801,2
26003,1
26011,1
26060,1
26062,1
26209,1
26301,1
26501,2
26505,1
26506,1
26603,1
27012,1
27103,7
27104,1
27105,2
27106,3
27109,1
27215,4
27262,3
27265,1
27282,1
27284,3
27302,1
27332,1
27406,1
27407,3
27408,2
27409,2
27410,7
27411,1
27455,2
27474,1
27502,2
27506,1
27511,4
27513,3
27514,5
27517,2
27518,4
27519,6
27520,1
27523,1
27526,1
27527,1
27529,3
27534,3
27540,3
27545,2
27560,7
27577,1
27587,2
27601,1
27604,1
27605,2
27607,2
27609,4
27610,1
27612,4
27613,1
27614,1
27615,2
27616,3
27617,1
27621,1
27623,2
27703,1
27705,4
27707,6
27713,3
27715,1
27804,1
27806,2
27834,2
27858,6
27870,1
27896,2
27909,1
27927,1
27948,1
27949,1
28027,7
28031,3
28034,1
28036,1
28043,1
28054,3
28064,1
28075,1
28078,5
28079,1
28086,1
28092,1
28104,2
28105,3
28110,2
28117,5
28134,2
28144,1
28152,1
28173,2
28183,1
28202,3
28203,1
28204,3
28205,1
28207,2
28208,10
28209,1
28211,3
28216,3
28217,1
28223,1
28226,2
28227,1
28244,1
28246,1
28262,4
28269,2
28273,5
28277,10
28278,3
28280,1
28303,2
28304,1
28306,1
28307,1
28310,2
28311,2
28314,1
28315,1
28358,1
28372,1
28374,1
28403,5
28405,2
28406,1
28412,2
28424,1
28451,1
28524,1
28546,3
28547,1
28557,1
28562,4
28590,1
28601,1
28602,2
28607,1
28625,1
28654,2
28655,1
28704,2
28711,1
28712,1
28714,1
28715,1
28716,1
28717,1
28723,1
28731,1
28732,1
28759,1
28778,1
28786,1
28787,1
28792,3
28798,1
28801,1
28803,4
28804,1
28805,4
28806,3
28861,4
28864,1
28891,1
28904,1
28906,2
29031,2
29032,1
29034,1
29055,1
29061,1
29063,1
29064,1
29072,3
29150,1
29169,1
29172,2
29201,2
29203,1
29205,2
29206,2
29209,2
29212,3
29229,3
29301,2
29302,1
29303,1
29341,1
29349,1
29356,1
29401,2
29403,3
29406,3
29407,5
29412,2
29418,2
29424,1
29425,1
29455,1
29464,4
29466,3
29483,2
29485,2
29486,1
29501,2
29502,1
29528,1
29572,3
29575,1
29576,1
29577,6
29579,2
29582,1
29585,1
29588,1
29601,2
29605,2
29607,4
29609,1
29615,2
29621,2
29631,2
29634,2
29642,1
29649,2
29650,1
29651,1
29671,1
29678,1
29680,2
29687,1
29696,1
29707,1
29708,3
29715,1
29730,1
29732,3
29801,1
29803,2
29841,1
29902,1
29910,4
29926,1
29928,3
30004,5
30005,2
30009,1
30013,2
30019,3
30022,9
30024,6
30030,2
30033,1
30034,1
30040,2
30041,3
30043,4
30044,1
30045,1
30047,1
30052,2
30060,2
30062,3
30064,3
30066,2
30067,2
30068,3
30075,4
30076,2
30078,2
30080,4
30084,3
30087,1
30092,3
30093,1
30096,4
30097,6
30101,2
30106,1
30114,4
30115,1
30117,1
30118,1
30120,2
30121,2
30132,1
30135,2
30141,2
30143,1
30144,7
30152,2
30157,1
30161,2
30188,3
30189,3
30213,1
30214,4
30223,2
30241,1
30253,3
30265,4
30269,5
30281,1
30303,6
30305,3
30307,3
30308,4
30309,3
30313,2
30314,1
30316,1
30318,1
30319,3
30320,5
30322,1
30324,4
30326,3
30327,1
30328,4
30329,4
30331,1
30338,2
30339,3
30342,4
30344,2
30346,2
30350,1
30363,2
30422,1
30458,1
30460,1
30501,3
30506,1
30512,1
30513,1
30518,1
30519,2
30523,1
30525,1
30528,1
30529,1
30531,1
30533,1
30534,1
30540,2
30542,2
30546,1
30549,1
30566,1
30601,2
30602,1
30605,2
30606,3
30620,1
30631,1
30633,1
30646,1
30701,1
30720,1
30721,1
30750,1
30793,1
30809,3
30905,2
30907,3
30909,6
31005,1
31021,2
31032,1
31034,1
31037,2
31061,2
31093,2
31106,2
31210,2
31314,1
31322,1
31324,1
31326,1
31401,3
31404,2
31405,2
31406,3
31408,2
31410,1
31419,2
31501,1
31520,1
31522,1
31523,1
31525,2
31601,1
31602,1
31698,1
31702,1
31707,2
31788,1
31794,1
31820,1
31904,2
31905,3
31909,1
32003,2
32034,1
32055,1
32063,1
32073,1
32080,1
32082,2
32084,2
32092,1
32095,1
32097,2
32114,3
32118,2
32127,2
32137,1
32159,2
32162,1
32164,1
32174,1
32176,1
32204,1
32207,2
32210,1
32211,1
32217,1
32218,5
32222,2
32223,1
32224,4
32225,4
32244,2
32246,4
32250,2
32256,4
32257,2
32258,1
32259,1
32266,1
32301,4
32303,2
32304,3
32306,2
32309,2
32312,1
32404,1
32405,1
32413,3
32444,1
32503,2
32504,1
32506,1
32508,2
32514,3
32534,1
32536,1
32541,2
32542,1
32548,2
32550,2
32561,1
32563,1
32569,2
32571,1
32601,2
32605,2
32606,2
32608,1
32610,2
32611,3
32669,1
32701,2
32703,2
32707,3
32708,1
32714,3
32720,1
32746,2
32751,1
32757,2
32763,2
32765,4
32771,1
32773,1
32779,1
32780,2
32789,3
32792,3
32801,2
32803,2
32804,1
32806,2
32809,2
32811,1
32812,1
32816,1
32819,11
32821,5
32822,1
32825,1
32826,1
32827,5
32828,3
32830,6
32835,1
32837,3
32839,3
32903,1
32904,4
32905,1
32931,2
32935,2
32937,1
32940,2
32952,1
32953,1
32955,1
32960,1
32966,2
33009,1
33012,3
33015,1
33016,2
33018,1
33020,2
33021,3
33024,1
33026,2
33027,5
33028,1
33030,1
33034,1
33036,1
33037,1
33040,4
33055,1
33062,2
33063,1
33065,1
33067,1
33071,1
33073,4
33076,2
33122,1
33124,2
33126,5
33127,1
33128,3
33130,3
33131,1
33132,3
33133,2
33134,1
33136,4
33137,1
33138,3
33139,8
33140,2
33143,4
33144,1
33145,1
33146,2
33149,1
33154,1
33155,1
33156,4
33157,1
33160,2
33162,1
33165,2
33166,1
33172,4
33173,1
33174,1
33175,1
33176,3
33178,2
33179,1
33180,2
33181,3
33184,1
33186,3
33189,2
33196,2
33199,2
33242,1
33301,2
33304,3
33305,2
33306,1
33308,2
33314,1
33315,6
33316,4
33317,1
33322,1
33323,4
33324,1
33325,1
33326,2
33328,3
33331,2
33334,1
33351,3
33401,4
33403,2
33406,3
33409,1
33410,4
33411,3
33414,3
33418,1
33426,4
33431,4
33432,2
33433,1
33434,3
33437,1
33441,2
33442,2
33444,2
33446,2
33449,1
33458,3
33460,1
33463,1
33467,1
33477,1
33480,1
33483,1
33486,1
33496,2
33511,6
33543,1
33544,1
33548,1
33549,1
33556,1
33559,1
33563,1
33569,1
33578,3
33602,2
33604,1
33606,4
33607,11
33609,3
33611,1
33612,2
33615,1
33617,1
33618,3
33620,2
33625,1
33626,2
33629,1
33634,2
33635,1
33637,1
33647,1
33701,3
33702,1
33703,1
33708,1
33709,2
33710,3
33755,1
33759,2
33761,3
33762,2
33765,1
33767,1
33771,3
33772,1
33774,1
33777,1
33781,3
33803,2
33809,3
33813,1
33837,1
33870,1
33880,1
33901,3
33904,1
33905,2
33908,1
33909,2
33912,3
33913,5
33914,2
33919,1
33924,1
33928,3
33948,2
33965,1
33980,1
33990,1
34102,3
34104,2
34108,1
34109,4
34110,2
34114,1
34119,1
34120,1
34135,1
34145,1
34201,1
34202,1
34203,2
34207,1
34208,2
34209,1
34210,1
34222,1
34231,1
34232,3
34234,1
34236,2
34238,4
34239,2
34243,4
34287,1
34293,2
34312,1
34315,1
34471,2
34474,3
34604,1
34606,1
34613,1
34652,1
34655,3
34668,1
34677,1
34684,1
34685,2
34689,1
34695,1
34698,1
34711,2
34714,1
34741,2
34746,1
34747,3
34761,1
34769,1
34787,2
34957,1
34986,1
34987,1
34990,1
34994,3
34997,1
35007,3
35022,1
35055,1
35068,1
35071,1
35203,1
35205,2
35209,3
35210,1
35212,2
35216,2
35223,2
35226,1
35233,2
35235,2
35242,3
35243,1
35244,3
35401,1
35404,2
35487,1
35601,1
35603,1
35611,1
35630,1
35632,1
35758,3
35801,3
35802,2
35806,2
35904,1
36066,2
36106,2
36116,1
36117,3
36203,2
36303,1
36526,1
36527,1
36535,1
36542,1
36561,1
36604,1
36606,3
36608,2
36688,1
36695,3
36801,3
36830,1
36849,2
37013,1
37027,5
37040,2
37042,1
37043,1
37044,1
37064,3
37066,2
37067,4
37072,1
37075,4
37076,2
37087,1
37115,1
37122,3
37127,1
37128,2
37129,4
37130,2
37132,1
37167,2
37174,2
37179,1
37203,4
37204,1
37205,2
37209,2
37211,1
37214,4
37215,3
37217,1
37219,2
37221,2
37228,1
37303,1
37311,1
37312,2
37343,2
37355,1
37402,1
37403,2
37411,1
37421,2
37601,2
37604,2
37614,1
37659,1
37660,1
37664,1
37701,2
37738,1
37748,1
37771,2
37801,2
37814,1
37830,2
37849,3
37862,1
37863,2
37876,1
37902,1
37912,1
37916,2
37918,2
37919,4
37922,4
37923,2
37934,4
37996,1
38002,2
38013,1
38014,1
38016,1
38017,3
38018,3
38053,1
38103,1
38104,2
38105,1
38111,1
38112,1
38116,3
38117,3
38119,4
38120,1
38125,1
38133,3
38134,2
38138,3
38202,1
38305,5
38401,1
38402,1
38501,1
38505,1
38555,1
38605,1
38632,1
38637,1
38654,2
38655,2
38664,1
38671,1
38677,1
38744,1
38781,1
38801,1
38804,1
39056,1
39157,1
39211,1
39213,1
39232,2
39402,2
39406,1
39503,1
39530,2
39531,1
39534,1
39540,2
39564,1
39705,1
39759,2
39762,1
40004,1
40014,1
40031,1
40059,1
40065,1
40121,1
40165,1
40202,4
40204,1
40207,5
40208,1
40209,2
40214,1
40216,1
40218,2
40219,1
40220,2
40222,5
40241,4
40243,3
40245,1
40258,1
40299,3
40321,1
40324,2
40351,1
40356,1
40383,2
40391,1
40437,2
40475,3
40502,3
40503,2
40504,2
40506,2
40507,1
40508,1
40509,5
40511,1
40513,1
40514,1
40517,1
40601,3
40721,1
40741,1
40861,2
41005,1
41011,1
41013,1
41014,1
41017,2
41021,1
41033,1
41036,1
41042,3
41048,5
41051,2
41063,2
41071,3
41076,2
41091,1
41094,1
41101,1
42001,1
42101,3
42104,2
42108,1
42223,2
42240,1
42301,2
42303,2
42501,1
42701,1
43015,2
43016,2
43017,6
43026,2
43035,2
43040,2
43050,1
43054,3
43055,1
43056,1
43062,1
43065,3
43068,5
43074,2
43081,3
43082,2
43085,1
43110,1
43119,1
43123,4
43128,1
43130,2
43147,2
43201,1
43206,1
43209,2
43212,4
43213,3
43214,5
43215,6
43219,8
43220,1
43221,4
43228,3
43229,1
43230,2
43235,2
43240,6
43302,2
43306,1
43402,3
43410,2
43452,1
43528,2
43537,1
43551,3
43560,2
43566,1
43570,2
43606,2
43612,1
43613,1
43615,2
43616,1
43617,1
43623,1
43701,2
43950,2
44001,3
44011,2
44012,1
44013,2
44022,1
44035,1
44053,1
44060,3
44067,1
44070,5
44087,1
44094,2
44102,1
44106,3
44109,1
44111,1
44113,2
44114,4
44115,1
44116,2
44118,2
44122,3
44124,4
44125,1
44126,2
44129,2
44130,1
44131,1
44134,1
44136,4
44139,2
44141,1
44144,1
44145,2
44147,3
44181,2
44195,1
44202,1
44212,1
44221,2
44223,2
44224,3
44236,1
44240,1
44241,2
44255,2
44256,2
44273,1
44281,2
44304,1
44312,2
44313,1
44325,3
44333,2
44406,1
44446,2
44484,1
44505,1
44512,1
44514,1
44515,1
44601,1
44646,2
44685,2
44691,1
44718,2
44720,3
44805,1
44870,3
44903,1
44905,1
44907,1
45002,1
45005,1
45011,2
45014,1
45030,1
45034,1
45036,1
45039,1
45040,3
45044,1
45056,3
45065,2
45069,7
45102,1
45140,2
45150,2
45154,1
45202,4
45208,1
45209,4
45211,2
45212,2
45219,4
45221,1
45226,1
45227,1
45230,1
45231,1
45232,1
45236,3
45239,1
45240,1
45241,3
45242,2
45243,1
45245,1
45246,2
45247,2
45249,3
45251,2
45255,3
45305,1
45322,1
45324,1
45342,2
45365,1
45373,1
45377,2
45402,1
45409,1
45419,1
45420,1
45424,1
45429,1
45431,3
45433,1
45434,1
45435,1
45440,1
45459,4
45601,2
45662,1
45690,1
45701,1
45801,1
45840,1
45885,1
46012,1
46013,1
46032,8
46033,3
46037,4
46038,3
46052,1
46060,2
46074,3
46075,1
46077,1
46112,1
46113,1
46123,4
46131,2
46135,1
46140,1
46142,5
46143,2
46151,1
46168,1
46176,1
46202,2
46203,1
46204,5
46208,2
46214,1
46217,1
46219,2
46220,3
46222,1
46224,1
46225,2
46226,1
46227,1
46228,1
46229,1
46236,1
46237,4
46240,5
46241,3
46250,5
46254,2
46256,2
46260,2
46268,2
46278,2
46304,1
46307,1
46311,1
46321,2
46322,1
46324,1
46360,1
46368,3
46373,2
46375,1
46383,1
46385,1
46410,3
46514,5
46516,1
46517,2
46526,2
46528,1
46530,3
46544,2
46545,2
46550,1
46556,2
46563,1
46580,1
46582,1
46601,1
46614,3
46635,1
46637,2
46706,1
46802,1
46804,5
46805,4
46814,1
46815,1
46818,3
46825,2
46835,3
46902,1
46933,1
46947,1
46953,1
46975,1
47129,1
47150,2
47201,4
47303,1
47304,1
47306,1
47374,1
47401,4
47404,1
47405,1
47408,1
47421,1
47630,1
47710,1
47712,1
47715,4
47802,2
47803,1
47905,3
47906,4
47907,1
47909,1
48009,2
48034,2
48035,1
48036,1
48038,1
48040,1
48044,4
48051,2
48059,2
48066,3
48067,1
48071,2
48073,5
48076,2
48083,3
48084,6
48085,2
48092,2
48098,1
48101,2
48103,4
48104,5
48105,1
48108,3
48109,2
48111,1
48116,3
48124,1
48126,1
48127,2
48138,1
48144,1
48146,1
48150,2
48154,1
48162,1
48165,1
48167,3
48170,2
48178,1
48180,3
48183,3
48185,2
48187,3
48188,1
48197,3
48201,2
48202,2
48203,1
48225,1
48226,2
48230,2
48236,1
48237,1
48239,1
48242,3
48243,1
48301,2
48302,3
48304,1
48306,2
48307,3
48309,1
48310,2
48312,2
48313,2
48315,3
48316,2
48322,1
48323,1
48326,2
48327,1
48334,1
48336,2
48340,1
48346,2
48359,1
48362,1
48374,3
48377,5
48381,2
48382,1
48383,1
48386,1
48390,2
48415,1
48423,1
48430,2
48439,1
48446,1
48506,1
48507,1
48604,2
48642,1
48706,1
48801,1
48823,3
48824,2
48843,1
48858,3
48864,2
48895,1
48911,1
48917,1
49008,3
49009,2
49014,2
49017,1
49024,1
49068,1
49085,1
49120,1
49202,2
49221,1
49307,2
49315,1
49316,3
49341,2
49401,2
49417,3
49418,3
49423,2
49424,5
49426,1
49428,1
49444,2
49464,1
49503,3
49504,2
49506,3
49508,1
49509,1
49512,5
49519,1
49525,4
49534,1
49544,2
49546,4
49684,2
49701,1
49712,1
49735,2
49757,1
49770,1
49855,3
50009,2
50010,3
50014,2
50021,2
50023,2
50131,2
50158,1
50208,1
50265,2
50266,6
50309,1
50310,1
50314,1
50320,1
50321,1
50322,3
50324,1
50325,3
50401,3
50501,1
50613,3
50702,3
51104,2
51105,1
51106,2
51301,1
51360,1
51501,1
51503,2
52002,1
52003,2
52240,2
52241,2
52245,2
52302,1
52402,3
52403,1
52404,3
52405,1
52411,1
52501,1
52601,1
52627,1
52655,1
52722,2
52732,1
52761,2
52807,4
53005,5
53012,1
53018,2
53022,2
53024,2
53045,1
53051,2
53066,1
53072,2
53081,2
53085,1
53089,1
53092,1
53095,1
53115,1
53129,1
53130,1
53132,2
53140,1
53142,3
53147,2
53150,1
53151,2
53154,5
53158,2
53186,2
53188,1
53189,2
53201,1
53202,5
53203,1
53207,5
53211,3
53213,1
53214,3
53215,1
53216,1
53217,2
53220,1
53221,1
53222,4
53223,1
53226,3
53227,2
53233,1
53406,2
53511,1
53545,1
53546,1
53562,2
53590,2
53703,3
53704,2
53705,2
53711,2
53716,1
53717,1
53719,2
53940,1
53965,1
54016,1
54035,1
54115,2
54220,1
54235,1
54302,1
54303,1
54304,1
54311,1
54401,2
54449,1
54467,1
54481,1
54650,1
54660,1
54701,3
54901,1
54902,2
54911,1
54913,1
54914,1
54915,1
54935,2
54937,1
54956,1
54958,1
55008,1
55014,1
55016,2
55025,2
55033,1
55044,4
55057,1
55060,2
55066,1
55068,1
55077,1
55082,3
55102,1
55104,2
55105,2
55106,1
55110,2
55111,3
55113,4
55116,1
55118,2
55122,5
55124,2
55125,6
55126,3
55127,2
55128,3
55129,1
55304,1
55305,2
55311,1
55313,1
55316,2
55317,2
55318,1
55330,2
55331,1
55337,2
55340,1
55343,1
55344,3
55345,1
55350,1
55362,1
55369,2
55374,2
55378,2
55379,1
55387,1
55391,1
55401,1
55402,4
55403,4
55404,1
55405,1
55406,1
55413,1
55414,3
55416,2
55419,1
55420,1
55421,2
55423,2
55424,1
55425,3
55426,1
55427,2
55428,3
55429,1
55431,2
55433,2
55434,1
55435,4
55436,2
55439,1
55441,1
55442,1
55443,2
55444,1
55447,1
55448,2
55449,1
55454,1
55455,2
55744,1
55792,1
55802,1
55811,3
55901,3
55902,1
55904,2
55987,1
56001,2
56301,1
56304,1
56308,1
56387,1
56425,2
56560,2
56601,1
57006,1
57078,1
57103,1
57104,1
57105,1
57106,4
57108,1
57110,2
57201,1
57401,2
57701,5
57702,2
57732,1
57783,1
58103,2
58104,1
58201,3
58501,1
58503,1
58504,2
58601,1
58701,2
59101,1
59102,6
59105,2
59404,1
59405,4
59601,3
59701,1
59714,1
59715,2
59718,3
59725,1
59801,4
59808,2
59860,1
59901,3
59937,1
60004,1
60005,3
60007,3
60008,2
60010,3
60013,2
60014,3
60015,2
60018,8
60020,1
60021,1
60022,2
60025,2
60026,3
60030,2
60031,6
60035,3
60040,1
60044,2
60045,3
60047,4
60048,2
60050,1
60053,1
60056,2
60060,3
60061,4
60062,7
60067,2
60068,2
60073,2
60074,2
60076,2
60077,3
60085,2
60087,1
60089,2
60090,3
60091,4
60093,2
60098,1
60101,1
60102,3
60103,2
60106,1
60107,2
60108,2
60115,4
60118,1
60119,1
60123,2
60126,4
60130,1
60133,1
60134,3
60137,3
60139,2
60142,2
60143,1
60148,4
60154,1
60155,2
60156,1
60160,1
60162,1
60169,2
60172,1
60173,8
60174,4
60176,2
60177,2
60181,3
60185,1
60187,3
60188,1
60189,2
60191,1
60192,3
60193,2
60194,1
60195,1
60201,4
60202,3
60208,1
60301,1
60305,2
60322,1
60332,2
60334,1
60352,1
60402,1
60404,3
60409,1
60421,1
60422,1
60423,1
60428,1
60430,3
60431,1
60432,1
60435,1
60439,2
60440,4
60441,1
60443,2
60445,1
60446,2
60447,1
60450,1
60451,2
60452,1
60453,5
60459,2
60462,5
60463,1
60467,2
60473,1
60477,1
60487,1
60490,1
60491,1
60502,4
60504,1
60506,1
60510,1
60514,1
60515,4
60517,3
60521,4
60523,3
60525,3
60527,2
60532,2
60534,1
60538,1
60540,6
60542,1
60543,1
60544,2
60546,1
60555,2
60558,1
60559,1
60560,2
60561,1
60563,3
60564,2
60565,1
60586,1
60601,11
60602,8
60603,5
60604,4
60605,4
60606,11
60607,7
60608,1
60609,1
60610,8
60611,17
60613,1
60614,13
60615,3
60618,5
60620,1
60621,1
60622,3
60625,3
60626,2
60630,1
60631,1
60632,2
60637,2
60638,1
60639,1
60640,3
60641,1
60642,3
60643,2
60645,1
60646,2
60647,4
60649,1
60654,6
60655,1
60657,9
60659,3
60660,2
60661,6
60666,18
60671,1
60701,1
60706,2
60707,2
60712,1
60714,4
60803,1
60804,1
60823,1
60914,3
60951,1
61008,2
61032,1
61033,1
61072,1
61094,1
61101,1
61108,4
61112,1
61114,1
61115,2
61172,1
61265,3
61354,3
61364,1
61401,1
61455,1
61520,1
61550,1
61554,1
61606,1
61611,1
61614,3
61615,5
61701,1
61704,2
61761,3
61801,2
61802,1
61820,3
61822,1
61920,1
62025,2
62208,2
62221,1
62226,1
62234,1
62269,1
62301,1
62305,1
62401,1
62412,1
62526,2
62568,1
62682,1
62701,1
62702,1
62703,1
62704,3
62864,1
62901,1
62902,1
62959,2
63005,3
63010,2
63011,4
63017,1
63026,1
63031,1
63033,1
63040,1
63042,1
63044,1
63088,1
63090,1
63101,2
63102,2
63103,1
63104,1
63105,2
63108,2
63109,3
63111,1
63117,2
63119,2
63122,2
63123,1
63125,1
63126,1
63127,1
63128,1
63129,1
63130,3
63131,4
63132,1
63135,1
63141,2
63144,3
63145,6
63146,2
63301,1
63304,1
63366,1
63367,1
63368,3
63376,1
63385,2
63403,1
63404,1
63501,1
63513,1
63551,1
63701,3
63821,1
64011,1
64012,1
64014,2
64030,1
64053,1
64055,4
64056,1
64057,2
64063,2
64068,1
64079,1
64081,2
64086,2
64093,1
64105,2
64111,2
64112,1
64114,2
64118,2
64119,2
64145,2
64151,2
64153,6
64154,2
64155,3
64157,1
64182,1
64433,1
64468,2
64506,5
64602,1
64681,1
64701,2
64731,1
64733,1
64751,1
64773,2
64801,3
64804,1
64832,1
64844,1
64870,1
64882,1
64891,1
64896,1
65065,3
65102,2
65109,2
65142,1
65164,2
65201,3
65203,4
65211,1
65252,1
65301,1
65401,1
65473,1
65536,1
65583,1
65584,1
65605,1
65615,1
65616,2
65672,1
65714,1
65721,1
65738,1
65802,4
65803,2
65804,3
65806,1
65807,5
65810,1
66027,1
66044,2
66046,2
66048,1
66049,4
66061,1
66062,7
66067,1
66109,1
66111,1
66112,1
66114,2
66115,1
66144,1
66202,3
66204,1
66206,1
66208,2
66209,2
66210,3
66211,1
66212,1
66213,3
66214,1
66215,2
66216,2
66217,1
66221,1
66223,2
66226,1
66441,1
66442,1
66502,3
66604,2
66614,3
66762,1
66801,1
67002,1
67037,2
67042,1
67203,1
67205,3
67206,3
67207,2
67209,1
67212,2
67213,1
67216,1
67217,2
67220,1
67226,2
67235,1
67401,3
67501,1
67502,1
67601,2
67701,1
67763,1
67846,1
67903,1
67952,1
68005,1
68008,1
68013,1
68025,1
68046,4
68048,1
68102,1
68106,3
68107,1
68114,4
68115,1
68116,3
68118,1
68122,1
68123,3
68124,2
68127,1
68130,3
68135,1
68137,3
68144,2
68154,2
68164,2
68175,1
68178,1
68204,1
68245,1
68253,1
68254,1
68305,1
68306,1
68405,1
68467,1
68504,1
68508,1
68510,1
68511,1
68513,1
68516,3
68521,1
68601,1
68701,1
68774,1
68781,1
68803,2
68805,1
68845,2
68974,1
69012,2
69013,1
69026,1
69051,1
69054,1
69101,1
69162,1
69361,1
70001,1
70002,1
70005,1
70006,2
70025,1
70056,1
70058,1
70062,1
70065,2
70067,1
70072,1
70113,1
70115,1
70118,2
70119,1
70123,2
70124,1
70130,7
70141,1
70201,1
70243,1
70245,1
70246,1
70282,1
70301,1
70304,2
70305,1
70360,1
70363,1
70392,1
70401,1
70402,1
70403,1
70422,1
70431,1
70433,2
70448,1
70458,2
70460,1
70461,1
70471,1
70474,1
70501,1
70503,1
70506,1
70508,3
70518,1
70560,1
70601,3
70605,2
70661,1
70663,1
70681,1
70726,2
70732,2
70737,1
70791,1
70801,1
70808,1
70809,2
70810,2
70816,2
70817,1
70836,1
70837,1
70881,1
70902,1
70937,1
70943,1
70951,1
71021,1
71101,1
71105,3
71106,3
71110,1
71111,3
71112,1
71201,1
71209,1
71270,1
71301,2
71459,1
71854,1
71913,1
71999,1
72014,1
72015,1
72022,2
72032,3
72035,1
72076,1
72099,1
72113,1
72116,2
72143,1
72149,1
72201,2
72202,2
72205,2
72207,2
72209,1
72211,2
72212,1
72223,2
72227,1
72401,4
72653,1
72701,2
72703,1
72704,1
72712,2
72719,1
72756,1
72758,3
72762,1
72802,1
72903,2
72913,1
72956,1
73003,1
73013,3
73019,1
73022,1
73034,3
73069,4
73072,1
73099,2
73101,3
73102,1
73104,1
73110,2
73112,3
73116,2
73118,1
73128,1
73132,3
73134,2
73142,1
73145,1
73159,1
73160,3
73401,1
73503,1
73505,2
73703,1
74006,2
74011,1
74012,3
74033,1
74055,3
74063,1
74075,2
74103,1
74105,1
74112,2
74114,1
74115,2
74132,2
74133,6
74135,3
74136,1
74137,2
74162,1
74172,1
74301,1
74321,1
74362,1
74422,1
74461,2
74503,1
74521,1
74601,1
74702,1
74706,1
74707,1
74804,1
74812,1
75001,2
75002,4
75006,1
75007,3
75010,2
75013,6
75019,2
75022,1
75023,2
75024,2
75025,1
75028,9
75032,1
75034,10
75035,3
75038,1
75039,1
75040,4
75041,2
75043,1
75044,1
75048,1
75050,1
75052,5
75056,4
75057,2
75062,2
75063,4
75065,2
75067,3
75068,3
75069,1
75070,6
75071,1
75074,3
75075,6
75078,2
75080,5
75081,2
75082,3
75087,6
75088,3
75089,1
75090,1
75092,2
75093,8
75094,1
75098,5
75104,2
75115,2
75116,1
75119,1
75126,2
75149,1
75150,2
75160,2
75165,2
75201,5
75202,2
75204,4
75205,6
75206,5
75207,1
75208,1
75209,3
75211,1
75214,4
75218,1
75219,4
75220,4
75225,3
75230,3
75231,4
75234,1
75235,3
75236,1
75237,1
75240,4
75243,3
75244,2
75246,1
75247,1
75248,2
75252,1
75254,2
75261,12
75287,2
75402,1
75460,1
75503,1
75605,3
75701,1
75702,1
75703,3
75706,1
75783,1
75798,1
75901,1
75965,2
76006,1
76010,1
76011,1
76012,1
76013,3
76015,2
76016,2
76017,1
76018,3
76019,1
76022,1
76028,4
76033,1
76034,2
76036,1
76039,2
76040,1
76048,1
76049,2
76051,8
76053,4
76054,1
76063,7
76065,1
76086,2
76087,1
76092,4
76102,3
76104,3
76107,6
76108,1
76109,2
76116,2
76119,1
76126,1
76131,1
76132,4
76133,2
76134,1
76135,2
76137,1
76148,3
76155,1
76177,4
76179,1
76180,1
76182,3
76201,4
76203,1
76205,2
76207,1
76208,1
76210,1
76226,2
76227,1
76234,1
76240,1
76242,1
76244,2
76248,3
76262,1
76308,2
76312,1
76401,1
76422,1
76471,1
76502,1
76504,3
76513,1
76522,1
76525,1
76541,1
76542,1
76544,1
76548,2
76549,1
76645,1
76705,1
76706,1
76710,2
76711,2
76712,1
76751,1
76778,1
76798,1
76801,1
76901,1
76903,2
76904,1
77002,8
77004,1
77005,4
77006,2
77007,5
77008,2
77010,4
77011,1
77017,1
77018,2
77019,3
77024,8
77025,4
77027,4
77030,4
77031,1
77032,9
77034,1
77035,1
77037,1
77040,1
77041,1
77042,4
77044,2
77046,1
77047,1
77049,1
77054,1
77055,2
77056,7
77057,2
77058,2
77060,1
77061,1
77062,2
77063,3
77064,3
77065,5
77069,4
77070,4
77072,1
77075,2
77077,5
77079,4
77080,1
77081,2
77082,1
77083,1
77084,4
77087,1
77089,1
77090,2
77092,2
77094,3
77095,1
77096,3
77098,2
77204,2
77251,1
77282,2
77289,1
77304,3
77318,1
77338,3
77339,3
77340,5
77345,2
77346,5
77354,2
77356,1
77365,1
77375,2
77377,3
77379,6
77380,7
77381,5
77382,2
77384,2
77386,2
77388,5
77396,2
77401,1
77406,1
77407,2
77429,5
77433,3
77441,1
77449,5
77450,4
77459,5
77469,1
77471,3
77473,1
77477,1
77478,2
77479,6
77481,1
77493,1
77494,7
77498,1
77504,1
77505,3
77511,2
77521,3
77531,1
77532,1
77536,2
77539,1
77546,3
77550,1
77551,3
77565,2
77566,1
77573,8
77581,2
77584,4
77590,1
77591,1
77598,5
77627,1
77642,1
77701,1
77706,2
77708,1
77801,1
77802,2
77833,1
77840,5
77843,2
77845,2
77904,2
78006,1
78023,1
78028,1
78041,3
78043,1
78045,1
78109,1
78130,2
78150,1
78154,3
78155,1
78163,1
78201,3
78205,4
78207,1
78209,5
78212,1
78213,1
78215,1
78216,7
78218,2
78221,1
78223,2
78224,1
78228,1
78229,4
78230,5
78231,2
78232,4
78233,1
78234,1
78236,2
78238,2
78240,3
78244,1
78245,2
78247,1
78248,1
78249,3
78250,3
78251,2
78253,2
78254,1
78256,1
78257,3
78258,3
78259,2
78261,1
78288,3
78343,1
78363,1
78374,1
78404,1
78411,2
78412,2
78414,1
78501,2
78503,3
78504,3
78520,1
78521,1
78526,1
78539,2
78550,3
78552,1
78570,1
78572,1
78577,1
78596,1
78602,1
78610,1
78613,6
78626,2
78628,2
78634,1
78640,2
78641,2
78653,1
78654,1
78660,3
78661,2
78662,1
78664,3
78665,2
78666,5
78681,4
78701,6
78703,4
78704,7
78705,3
78712,1
78713,1
78717,2
78723,2
78726,2
78727,2
78729,1
78731,3
78734,2
78736,1
78737,1
78738,1
78741,1
78744,1
78746,4
78748,4
78749,4
78750,1
78756,1
78757,1
78759,4
78840,1
79012,1
79016,1
79065,1
79103,1
79109,1
79121,1
79124,1
79202,1
79211,1
79242,1
79321,1
79331,1
79336,1
79363,1
79401,1
79402,1
79403,1
79407,3
79416,1
79423,2
79424,3
79502,1
79601,2
79605,2
79606,1
79699,1
79701,1
79705,3
79707,2
79761,1
79762,4
79901,1
79902,1
79906,2
79912,3
79924,1
79925,7
79932,2
79936,5
79968,1
80002,1
80003,7
80007,2
80011,2
80012,7
80013,4
80014,1
80015,5
80016,7
80017,1
80020,3
80021,6
80022,3
80023,6
80026,2
80027,5
80030,1
80031,3
80033,7
80102,1
80104,4
80107,1
80108,5
80110,4
80111,6
80112,6
80113,4
80120,4
80121,1
80122,5
80123,4
80124,6
80125,1
80126,6
80127,3
80128,4
80129,5
80132,2
80134,7
80138,1
80202,17
80203,2
80204,5
80205,1
80206,6
80207,3
80209,3
80210,4
80211,4
80212,2
80214,3
80215,3
80216,2
80218,3
80219,1
80220,3
80222,7
80223,1
80224,1
80226,3
80227,1
80228,3
80229,4
80230,2
80231,3
80232,4
80233,4
80234,2
80238,1
80239,2
80241,4
80246,4
80249,2
80260,2
80290,1
80301,4
80302,5
80303,2
80305,2
80309,1
80331,1
80401,7
80403,1
80422,1
80424,1
80433,3
80435,3
80436,1
80439,2
80442,1
80443,3
80446,1
80452,1
80477,1
80482,1
80487,1
80488,1
80498,1
80501,10
80504,4
80516,4
80517,2
80520,1
80521,2
80524,4
80525,7
80526,2
80528,1
80534,1
80537,5
80538,2
80546,2
80547,1
80550,2
80552,1
80573,1
80601,5
80621,1
80631,1
80634,7
80701,1
80751,1
80752,1
80801,1
80803,1
80817,2
80831,1
80863,1
80866,1
80903,2
80904,3
80905,1
80906,4
80907,3
80909,2
80913,2
80914,1
80915,1
80916,2
80918,5
80919,1
80920,8
80921,2
80922,4
80923,3
80924,1
81004,1
81005,2
81007,1
81008,2
81021,1
81082,1
81101,1
81147,1
81201,1
81212,1
81230,1
81301,4
81321,1
81401,3
81435,1
81501,4
81503,1
81504,2
81505,5
81506,1
81507,1
81520,1
81601,5
81611,1
81615,1
81620,4
81621,1
81623,1
81625,1
81631,1
81632,1
81650,2
81657,3
81658,1
82001,2
82007,1
82009,4
82059,1
82070,2
82072,1
82414,1
82421,1
82441,1
82520,1
82601,1
82604,1
82609,2
82716,1
82718,1
82801,1
82901,1
83001,3
83201,3
83202,1
83301,3
83303,1
83321,1
83333,1
83340,1
83401,1
83402,1
83404,2
83501,1
83607,1
83616,2
83617,1
83634,2
83642,5
83646,1
83651,1
83686,1
83687,2
83702,2
83703,1
83704,2
83705,5
83706,2
83709,3
83713,4
83714,1
83716,1
83725,1
83805,1
83814,3
83815,4
83843,2
83844,1
83852,1
83854,1
83864,2
84003,1
84005,1
84009,2
84010,3
84014,2
84015,3
84016,2
84017,1
84020,1
84022,1
84025,1
84032,1
84040,1
84041,2
84043,3
84047,1
84057,2
84060,2
84065,1
84070,4
84074,1
84078,1
84084,2
84087,1
84088,2
84093,1
84094,1
84095,1
84097,1
84098,3
84101,6
84102,2
84106,3
84107,1
84108,3
84109,2
84112,2
84115,3
84117,1
84119,1
84120,1
84121,3
84122,3
84123,1
84128,1
84132,1
84302,1
84321,1
84341,1
84403,3
84404,1
84405,1
84414,1
84501,1
84532,1
84660,1
84701,1
84720,1
84770,3
84790,2
85003,3
85004,4
85007,1
85008,1
85012,2
85013,5
85014,1
85015,2
85016,9
85017,1
85018,5
85020,1
85021,2
85022,7
85023,1
85026,1
85027,3
85028,3
85029,2
85032,11
85033,1
85034,4
85035,2
85037,2
85041,1
85042,3
85044,4
85048,3
85050,3
85051,2
85053,3
85054,3
85085,2
85086,4
85118,1
85120,2
85122,3
85128,1
85132,1
85139,3
85140,1
85142,4
85143,2
85201,3
85202,5
85203,2
85204,5
85205,1
85206,4
85207,1
85208,1
85209,6
85210,2
85212,2
85213,1
85215,5
85224,5
85225,2
85226,7
85233,2
85234,1
85236,1
85248,3
85249,6
85250,4
85251,6
85253,2
85254,7
85255,6
85257,2
85258,3
85259,2
85260,7
85266,3
85268,3
85281,12
85282,8
85283,3
85284,4
85286,3
85287,2
85295,3
85296,5
85297,4
85302,2
85304,1
85306,3
85308,8
85309,1
85310,3
85323,1
85326,1
85331,4
85338,5
85339,3
85340,4
85344,1
85345,2
85351,3
85353,1
85364,3
85365,3
85367,2
85373,1
85374,6
85375,2
85377,1
85379,3
85381,1
85382,5
85383,4
85388,1
85390,1
85392,3
85395,2
85424,1
85539,1
85540,1
85541,2
85552,1
85602,1
85603,1
85613,1
85614,1
85621,2
85629,2
85635,3
85643,1
85653,1
85658,1
85704,5
85705,4
85707,1
85710,4
85711,1
85712,4
85713,1
85714,2
85715,1
85716,3
85718,4
85719,4
85721,2
85730,2
85737,3
85739,1
85741,4
85742,1
85743,1
85745,4
85746,2
85747,2
85748,4
85749,1
85750,1
85755,1
85757,1
85901,1
85929,1
86001,7
86004,2
86011,1
86040,1
86046,1
86193,1
86301,4
86303,1
86305,2
86314,3
86322,2
86323,1
86326,1
86336,4
86401,1
86403,3
86406,1
86409,2
86426,2
86442,2
86481,1
86483,1
86913,1
87004,1
87015,1
87031,1
87102,2
87104,2
87106,1
87107,1
87108,1
87109,4
87110,6
87111,4
87112,3
87113,2
87114,4
87120,3
87123,2
87124,4
87131,1
87144,1
87234,1
87301,1
87402,3
87410,1
87501,4
87505,3
87507,4
87533,1
87535,1
87544,2
88001,1
88005,1
88011,3
88030,1
88072,2
88101,1
88103,1
88161,1
88201,2
88231,1
88240,2
88310,1
88345,1
88372,1
88373,2
88375,1
88544,1
88572,1
88654,1
88736,1
88763,1
88790,1
89005,1
89012,3
89014,5
89015,5
89019,2
89022,1
89027,1
89029,2
89030,3
89031,3
89032,1
89044,1
89048,1
89052,7
89074,4
89081,1
89084,4
89101,4
89102,5
89103,6
89104,2
89106,5
89107,1
89109,30
89111,3
89113,2
89117,6
89118,10
89119,13
89121,6
89122,1
89123,5
89128,4
89129,5
89130,6
89131,3
89134,2
89135,6
89139,5
89141,1
89142,1
89145,2
89146,1
89147,4
89148,2
89149,3
89154,1
89158,4
89183,1
89191,1
89403,1
89406,1
89408,1
89410,1
89423,1
89431,3
89434,3
89436,3
89448,1
89449,2
89451,1
89501,3
89502,2
89503,3
89506,1
89509,3
89511,5
89512,1
89519,1
89521,3
89523,3
89557,1
89595,1
89701,2
89703,1
89705,1
89706,2
89801,2
89883,1
90001,2
90004,1
90007,3
90010,3
90012,7
90013,2
90014,2
90015,5
90016,4
90017,4
90018,1
90019,2
90020,1
90021,1
90022,1
90023,1
90024,4
90025,4
90027,3
90028,9
90032,1
90033,1
90034,3
90035,3
90036,9
90038,2
90039,3
90040,3
90041,4
90042,1
90045,21
90046,6
90047,1
90048,4
90049,2
90057,1
90063,1
90064,6
90066,1
90067,3
90068,2
90069,4
90071,6
90077,1
90094,1
90201,2
90210,2
90211,2
90212,1
90220,3
90222,1
90230,6
90232,1
90240,1
90241,2
90242,2
90245,7
90247,3
90248,1
90250,6
90254,3
90255,2
90260,1
90262,2
90265,4
90266,3
90272,3
90274,3
90275,2
90277,2
90278,5
90280,3
90291,1
90292,6
90301,2
90302,1
90303,2
90401,6
90403,7
90404,3
90405,5
90501,2
90502,1
90503,5
90504,2
90505,7
90601,2
90603,2
90605,2
90606,3
90620,6
90621,1
90630,4
90631,5
90638,3
90640,3
90650,8
90660,3
90670,4
90680,1
90701,1
90703,6
90706,2
90710,3
90712,2
90713,4
90716,1
90720,1
90723,3
90731,3
90732,3
90740,5
90745,3
90746,4
90749,1
90755,3
90802,7
90803,5
90804,3
90805,1
90806,1
90807,2
90808,3
90815,6
90840,2
91006,2
91007,3
91010,3
91011,2
91016,4
91020,1
91024,1
91030,4
91040,1
91042,2
91101,6
91103,1
91104,3
91105,4
91106,2
91107,6
91108,1
91201,3
91202,2
91203,2
91204,4
91205,1
91206,2
91214,3
91301,2
91302,3
91303,3
91304,1
91307,5
91311,4
91316,2
91320,5
91321,2
91324,4
91325,1
91326,1
91335,2
91340,1
91342,1
91343,2
91344,6
91345,1
91350,6
91351,1
91354,1
91355,10
91356,3
91360,5
91361,1
91362,5
91364,5
91367,5
91377,1
91381,2
91384,2
91387,3
91401,2
91402,1
91403,4
91405,2
91406,4
91411,1
91423,3
91436,1
91502,3
91504,3
91505,8
91506,4
91522,1
91601,2
91602,1
91604,4
91605,1
91606,2
91607,2
91608,3
91701,4
91702,5
91706,6
91709,5
91710,7
91711,4
91722,1
91723,2
91724,1
91730,5
91731,3
91732,1
91733,1
91739,4
91740,2
91741,2
91744,1
91745,2
91746,1
91748,4
91750,4
91752,1
91754,1
91761,3
91762,2
91763,4
91764,7
91765,3
91766,4
91767,1
91768,4
91770,3
91773,4
91775,1
91780,1
91784,3
91786,2
91789,2
91790,1
91791,2
91792,2
91801,3
91803,3
91901,1
91902,2
91910,6
91911,3
91914,1
91915,3
91942,6
91945,2
91950,5
91977,3
92007,1
92008,3
92009,4
92010,1
92011,3
92014,4
92019,4
92020,6
92021,4
92024,8
92025,6
92026,2
92027,2
92028,2
92029,5
92037,8
92040,1
92054,3
92056,3
92057,4
92058,2
92064,5
92065,2
92069,3
92071,5
92075,2
92078,7
92081,5
92082,1
92083,6
92084,1
92092,1
92093,1
92096,1
92101,20
92102,1
92103,6
92104,4
92105,1
92106,5
92107,1
92108,11
92109,5
92110,6
92111,7
92113,1
92114,1
92115,5
92116,3
92117,5
92118,1
92119,1
92120,2
92121,4
92122,4
92123,3
92124,2
92126,3
92127,5
92128,7
92129,5
92130,6
92131,3
92136,2
92139,1
92140,1
92154,5
92173,1
92182,2
92201,2
92203,3
92211,4
92220,2
92223,2
92225,2
92227,2
92230,3
92231,1
92234,3
92236,1
92240,1
92243,4
92253,4
92254,1
92260,6
92262,5
92264,3
92270,4
92278,1
92284,1
92301,1
92307,2
92308,2
92310,2
92311,3
92315,2
92317,1
92320,1
92324,3
92335,2
92336,5
92337,2
92345,4
92346,1
92354,2
92373,2
92374,6
92376,1
92377,1
92392,3
92394,1
92395,3
92399,3
92404,1
92407,4
92408,2
92410,1
92501,1
92503,4
92504,2
92505,2
92506,4
92507,4
92508,3
92509,1
92530,3
92532,2
92543,2
92545,2
92551,1
92553,2
92555,2
92557,1
92562,6
92563,3
92570,1
92571,2
92582,1
92583,1
92584,3
92590,3
92591,5
92592,4
92595,3
92596,1
92602,3
92603,1
92604,2
92606,4
92610,2
92612,3
92614,2
92617,1
92618,6
92620,2
92625,1
92626,12
92627,5
92629,5
92630,6
92637,1
92646,4
92647,3
92648,8
92649,4
92651,3
92653,3
92656,4
92657,3
92660,10
92662,1
92663,2
92672,3
92673,4
92675,3
92677,6
92683,8
92688,7
92691,8
92692,2
92694,2
92697,2
92701,2
92704,5
92705,4
92706,3
92707,5
92708,5
92780,6
92782,3
92801,3
92802,7
92804,1
92805,3
92806,2
92807,4
92808,4
92821,7
92823,1
92831,5
92832,4
92833,3
92835,1
92840,4
92843,3
92844,1
92845,2
92860,3
92865,3
92866,4
92867,2
92868,5
92869,2
92870,1
92879,3
92880,4
92881,4
92882,1
92883,2
92886,2
93001,3
93003,10
93010,5
93012,2
93013,1
93015,1
93021,5
93023,1
93030,2
93033,2
93036,5
93041,1
93060,2
93063,3
93065,7
93101,5
93105,2
93108,1
93109,1
93117,3
93203,1
93206,1
93210,1
93215,1
93230,3
93239,1
93240,1
93243,1
93245,1
93246,1
93247,1
93257,4
93268,1
93274,2
93277,7
93291,3
93301,3
93304,3
93306,2
93307,2
93308,5
93309,7
93311,5
93312,4
93313,2
93314,2
93401,4
93402,1
93405,3
93407,3
93420,2
93422,2
93427,1
93433,1
93436,2
93442,1
93444,2
93446,5
93449,1
93454,7
93455,1
93514,2
93524,1
93534,2
93535,1
93536,3
93546,2
93550,1
93551,5
93552,3
93555,2
93560,1
93561,2
93610,1
93611,5
93612,5
93618,1
93625,1
93630,1
93631,1
93635,3
93637,3
93638,1
93644,2
93654,1
93657,1
93662,1
93704,2
93705,1
93710,6
93711,3
93720,7
93721,3
93722,3
93725,1
93726,2
93727,3
93728,1
93730,1
93740,1
93772,1
93901,3
93905,3
93906,5
93907,3
93923,2
93926,1
93930,1
93933,3
93940,6
93950,1
93955,4
93960,1
94002,3
94010,5
94014,3
94015,5
94019,1
94022,2
94024,1
94025,7
94030,2
94040,7
94041,1
94043,3
94044,5
94061,1
94062,1
94063,7
94065,1
94066,5
94070,3
94080,4
94085,1
94086,3
94087,7
94102,7
94103,10
94104,5
94105,10
94107,3
94108,3
94109,4
94110,1
94111,11
94112,1
94114,4
94115,5
94117,2
94118,2
94121,1
94122,3
94123,3
94124,1
94127,2
94128,4
94129,1
94131,1
94132,1
94133,2
94158,2
94301,1
94303,2
94304,1
94305,1
94306,6
94401,2
94402,2
94403,5
94404,5
94501,7
94503,2
94506,3
94507,2
94509,3
94510,4
94513,4
94514,1
94517,1
94518,1
94519,2
94520,5
94521,3
94523,7
94526,3
94530,3
94531,5
94533,4
94534,4
94535,1
94536,1
94538,10
94539,4
94541,6
94542,1
94544,4
94545,1
94546,4
94547,2
94549,3
94550,3
94551,7
94553,5
94556,2
94558,6
94559,3
94560,5
94561,1
94563,2
94564,3
94565,4
94566,6
94568,7
94577,3
94578,2
94579,1
94580,1
94582,1
94583,8
94585,1
94587,5
94588,5
94589,1
94590,1
94591,5
94596,8
94597,3
94598,4
94601,1
94602,1
94603,1
94606,1
94607,2
94608,5
94610,1
94611,5
94612,3
94618,1
94621,5
94704,2
94705,1
94707,1
94709,1
94710,1
94801,1
94803,2
94805,1
94806,3
94901,5
94903,2
94904,1
94925,3
94928,7
94931,1
94939,1
94941,5
94945,4
94947,1
94949,1
94952,4
94954,4
94960,1
94965,2
95003,2
95008,7
95010,3
95014,8
95019,2
95020,6
95023,3
95030,1
95032,4
95035,10
95037,7
95050,8
95051,3
95054,3
95060,2
95062,1
95066,3
95070,4
95073,3
95076,2
95110,6
95111,1
95112,2
95113,4
95118,6
95119,1
95120,2
95121,4
95122,4
95123,8
95124,2
95125,7
95126,3
95127,3
95128,3
95129,7
95131,5
95132,2
95133,2
95134,4
95135,1
95136,2
95138,1
95139,1
95148,2
95192,1
95202,1
95204,2
95205,1
95207,5
95210,2
95212,1
95215,2
95219,4
95222,1
95240,2
95242,4
95252,1
95301,3
95304,2
95307,1
95320,1
95322,1
95330,2
95334,1
95336,3
95337,3
95340,2
95341,1
95348,2
95350,6
95351,2
95354,1
95355,3
95356,5
95357,1
95358,1
95361,2
95363,1
95366,1
95367,3
95370,3
95376,4
95380,6
95382,1
95401,5
95403,6
95404,1
95405,3
95407,5
95409,2
95425,1
95437,1
95446,1
95448,2
95453,1
95472,2
95476,2
95482,3
95490,1
95492,4
95501,3
95503,1
95519,1
95531,1
95540,1
95602,1
95603,7
95605,1
95608,4
95610,3
95616,6
95618,3
95620,2
95621,1
95624,2
95628,5
95630,12
95642,2
95648,4
95650,1
95660,3
95661,7
95667,3
95670,8
95677,4
95678,10
95679,1
95682,3
95687,7
95688,2
95691,3
95695,1
95713,1
95726,1
95742,2
95746,2
95747,3
95757,1
95758,7
95762,4
95765,5
95776,3
95811,2
95814,6
95815,2
95816,5
95817,3
95818,2
95819,4
95821,2
95822,1
95823,3
95825,6
95826,2
95827,1
95828,2
95829,2
95831,2
95832,1
95833,2
95834,4
95835,1
95837,2
95838,1
95841,3
95842,4
95843,1
95864,2
95901,1
95926,5
95928,3
95945,2
95948,1
95963,1
95965,1
95988,1
95991,3
95993,2
96001,5
96002,2
96003,3
96007,2
96021,1
96080,3
96093,1
96097,1
96130,2
96143,1
96146,1
96150,4
96161,3
96701,4
96706,2
96707,3
96720,4
96732,6
96734,2
96738,1
96740,4
96743,1
96744,3
96746,1
96753,4
96756,1
96761,4
96762,1
96766,3
96768,1
96782,1
96789,3
96792,1
96793,1
96797,3
96813,4
96814,8
96815,7
96816,3
96817,1
96818,3
96819,11
96821,1
96822,2
96825,2
96857,1
96859,1
97005,6
97006,3
97007,3
97008,2
97013,3
97015,5
97024,1
97027,1
97030,4
97031,2
97034,3
97035,8
97038,1
97045,4
97051,2
97055,3
97056,1
97058,3
97060,5
97062,3
97068,4
97070,4
97071,4
97077,1
97080,2
97086,3
97089,1
97103,1
97113,2
97116,2
97123,5
97124,8
97128,3
97132,2
97138,1
97140,4
97141,2
97146,2
97201,9
97202,5
97203,4
97204,8
97205,5
97206,1
97209,7
97210,3
97211,1
97212,1
97213,6
97214,3
97215,1
97216,2
97217,4
97218,6
97219,5
97220,5
97221,2
97222,2
97223,9
97224,4
97225,3
97229,6
97230,3
97232,9
97236,2
97239,2
97258,1
97266,4
97267,4
97301,4
97302,3
97303,3
97304,2
97305,2
97306,1
97307,1
97321,2
97322,3
97330,4
97333,2
97338,2
97355,1
97365,2
97367,2
97381,1
97383,1
97386,1
97401,9
97402,5
97403,2
97404,1
97405,2
97408,1
97415,1
97420,1
97424,1
97439,1
97448,1
97459,1
97470,1
97471,2
97477,4
97478,1
97501,3
97504,7
97520,2
97526,3
97603,2
97701,6
97702,4
97703,2
97707,1
97741,1
97754,1
97756,4
97801,2
97814,2
97838,2
97850,2
98001,1
98002,5
98003,5
98004,14
98005,3
98006,5
98007,4
98008,2
98011,5
98012,6
98014,1
98019,2
98020,3
98021,5
98022,3
98023,4
98026,3
98027,5
98028,2
98029,7
98030,4
98031,4
98032,9
98033,6
98034,7
98036,8
98037,7
98038,4
98040,5
98042,6
98043,3
98045,3
98052,12
98053,3
98055,3
98056,1
98057,4
98058,3
98059,8
98065,1
98072,3
98074,3
98075,1
98087,5
98092,1
98101,22
98102,4
98103,6
98104,12
98105,9
98106,1
98107,5
98108,1
98109,10
98110,2
98112,4
98115,5
98116,6
98117,3
98118,5
98119,2
98121,8
98122,9
98125,8
98126,4
98133,8
98134,4
98136,1
98144,3
98148,3
98155,4
98158,7
98166,3
98168,4
98177,1
98188,6
98195,1
98198,2
98199,1
98201,5
98203,3
98204,3
98208,9
98221,2
98223,3
98225,6
98226,6
98229,2
98233,4
98248,1
98258,3
98264,2
98270,5
98271,5
98272,4
98273,2
98274,1
98275,3
98277,3
98290,3
98291,1
98292,3
98296,1
98310,1
98311,3
98312,2
98315,1
98327,2
98332,3
98335,3
98337,1
98338,2
98339,1
98346,2
98354,3
98360,1
98362,2
98366,4
98367,1
98368,1
98370,3
98371,2
98372,1
98373,7
98374,2
98375,4
98382,2
98383,3
98387,1
98390,3
98391,3
98402,1
98403,2
98404,2
98405,3
98406,3
98407,2
98408,3
98409,4
98418,1
98422,1
98424,2
98433,1
98438,1
98444,2
98465,1
98466,3
98467,1
98498,3
98499,6
98501,4
98502,4
98503,6
98506,1
98512,2
98516,5
98520,2
98528,2
98531,3
98532,3
98579,1
98584,1
98597,2
98604,4
98607,1
98626,2
98632,6
98660,2
98661,3
98662,4
98663,1
98664,1
98665,4
98671,2
98674,2
98682,1
98683,5
98684,5
98685,3
98686,2
98801,3
98802,3
98816,1
98823,1
98826,2
98837,3
98841,1
98902,4
98903,2
98908,4
98909,1
98926,4
98930,1
98944,1
98948,1
99004,2
99011,1
99019,1
99037,2
99114,1
99156,1
99163,2
99169,1
99201,1
99202,5
99203,1
99205,4
99206,1
99207,5
99208,2
99212,2
99216,3
99217,1
99218,6
99223,3
99224,5
99301,1
99336,5
99337,1
99350,1
99352,5
99354,2
99362,5
99403,2
99501,1
99502,4
99503,1
99504,5
99505,1
99506,1
99507,3
99508,2
99515,5
99517,1
99577,3
99603,1
99615,1
99645,2
99654,4
99664,1
99669,2
99701,2
99703,1
99705,1
99709,3
99801,2
99901,1
